-- insert
INSERT INTO USUARIO VALUES ('30639322T','charlotte.hudson@mail.com','Charlotte','Hudson','660846636','1987-3-11','KeNW26y5',8,True); 
INSERT INTO USUARIO VALUES ('21435956G','monica.keatts@mail.com','Monica','Keatts','671170674','2001-2-15','L95Gw8zl',1,True); 
INSERT INTO USUARIO VALUES ('27025748E','emily.espinoza@mail.com','Emily','Espinoza','631585384','1960-4-12','WXgTZQSc',3,False); 
INSERT INTO USUARIO VALUES ('39538731D','angel.branham@mail.com','Angel','Branham','656013900','1960-12-27','YEfThuKw',8,True); 
INSERT INTO USUARIO VALUES ('45370300Q','jeremy.dillingham@mail.com','Jeremy','Dillingham','694257172','1993-1-24','yNG6YHOL',7,False); 
INSERT INTO INSTALACION VALUES ('0001','direccion.204','Ciudad.Hatcher','451511674','Instalacion.Rimmer','2003-10-4'); 
INSERT INTO INSTALACION VALUES ('0002','direccion.809','Ciudad.Blackwell','341796458','Instalacion.Finch','1990-3-29'); 
INSERT INTO INSTALACION VALUES ('0003','direccion.1334','Ciudad.Siemering','415406284','Instalacion.Boyd','1975-3-6'); 
INSERT INTO INSTALACION VALUES ('0004','direccion.1510','Ciudad.Pressley','178816937','Instalacion.Pacifico','2023-5-8'); 
INSERT INTO CONTRATO VALUES ('30639322T', '0001'); 
INSERT INTO CONTRATO VALUES ('27025748E', '0002'); 
INSERT INTO CONTRATO VALUES ('30639322T', '0002'); 
INSERT INTO CONTRATO VALUES ('45370300Q', '0003'); 
INSERT INTO EVENTO VALUES ('EV-I-01', 'Ninguna', 'normal','Subevento 09, hacer algo'); 
INSERT INTO EVENTO VALUES ('EV-NFE-02', 'Ninguna', 'normal','Subevento 09, hacer algo'); 
INSERT INTO EVENTO VALUES ('EV-NFE-03', 'Ninguna', 'normal','Subevento 09, hacer algo'); 
INSERT INTO EVENTO VALUES ('EV-NFE-04', 'Ninguna', 'normal','Subevento 09, hacer algo'); 
INSERT INTO EVENTO VALUES ('EV-NFE-05', 'Ninguna', 'normal','Subevento 09, hacer algo'); 
INSERT INTO INSTALACION_EVENTO VALUES ('0001', '0001', 'EV-I-01', true); 
INSERT INTO INSTALACION_EVENTO VALUES ('0002', '0001', 'EV-NFE-02', true); 
INSERT INTO INSTALACION_EVENTO VALUES ('0003', '0002', 'EV-I-01', true); 
INSERT INTO INSTALACION_EVENTO VALUES ('0004', '0002', 'EV-NFE-02', true); 
INSERT INTO INSTALACION_EVENTO VALUES ('0005', '0002', 'EV-NFE-03', true); 
INSERT INTO INSTALACION_EVENTO VALUES ('0006', '0003', 'EV-NFE-02', true); 
INSERT INTO INSTALACION_EVENTO VALUES ('0007', '0003', 'EV-NFE-03', true); 
INSERT INTO INSTALACION_EVENTO VALUES ('0008', '0003', 'EV-NFE-04', true); 
INSERT INTO INSTALACION_EVENTO VALUES ('0009', '0003', 'EV-NFE-05', true); 
INSERT INTO ALARMA VALUES ('A-0001', '0001','Se ha disparado por error','En proceso',DATE('2023/05/18'));